a_email	app_date
abayless@rangreen.com	2023-10-02
abayless@rangreen.com	2024-09-27
abayless@rangreen.com	2024-10-17
abayless@rangreen.com	2024-12-06
abayless@rangreen.com	2025-01-16
abayless@rangreen.com	2025-03-17
adevreese@codehow.com	2024-01-26
adevreese@codehow.com	2024-11-20
afrankel@plexzap.com	2024-04-22
afrankel@plexzap.com	2024-05-10
afrankel@plexzap.com	2024-10-02
afrankel@plexzap.com	2024-11-18
ajuhas@year-job.com	2023-11-21
ajuhas@year-job.com	2024-02-12
ajuhas@year-job.com	2024-03-27
ajuhas@year-job.com	2024-03-28
ajuhas@year-job.com	2024-04-03
ajuhas@year-job.com	2024-06-14
ajuhas@year-job.com	2024-06-28
ajuhas@year-job.com	2024-07-04
ajuhas@year-job.com	2024-07-09
ajuhas@year-job.com	2024-11-11
ajuhas@year-job.com	2025-02-03
ajuhas@year-job.com	2025-03-06
ajuhas@year-job.com	2025-03-21
akampa@zumgoity.com	2023-10-13
akampa@zumgoity.com	2023-12-18
akampa@zumgoity.com	2023-12-29
akampa@zumgoity.com	2024-01-15
akampa@zumgoity.com	2024-01-17
akampa@zumgoity.com	2024-02-14
akampa@zumgoity.com	2024-03-20
akampa@zumgoity.com	2024-10-07
akampa@zumgoity.com	2024-10-25
amai@openlane.com	2023-10-13
amai@openlane.com	2024-04-11
amai@openlane.com	2024-05-02
amai@openlane.com	2024-06-17
amai@openlane.com	2024-08-16
amai@openlane.com	2024-12-20
amirafuentes@inity.com	2024-04-05
amirafuentes@inity.com	2024-06-25
amirafuentes@inity.com	2024-11-26
apoullion@year-job.com	2024-04-04
apoullion@year-job.com	2024-06-11
apoullion@year-job.com	2024-06-25
apoullion@year-job.com	2024-11-15
aradde@hottechi.com	2024-01-10
aradde@hottechi.com	2024-03-07
aradde@hottechi.com	2024-05-01
aradde@hottechi.com	2024-05-09
aradde@hottechi.com	2024-08-06
aradde@hottechi.com	2024-08-16
aradde@hottechi.com	2024-09-17
aradde@hottechi.com	2024-09-27
aradde@hottechi.com	2024-12-12
aradde@hottechi.com	2025-01-30
asilvestrini@bioholding.com	2024-03-04
asilvestrini@bioholding.com	2024-04-04
asilvestrini@bioholding.com	2024-08-13
asilvestrini@bioholding.com	2024-10-17
asilvestrini@bioholding.com	2025-02-20
asilvestrini@bioholding.com	2025-02-27
asweigard@kinnamplus.com	2023-11-08
asweigard@kinnamplus.com	2024-03-22
asweigard@kinnamplus.com	2024-05-06
asweigard@kinnamplus.com	2024-05-07
asweigard@kinnamplus.com	2024-05-15
asweigard@kinnamplus.com	2024-06-05
asweigard@kinnamplus.com	2024-06-27
asweigard@kinnamplus.com	2024-09-02
asweigard@kinnamplus.com	2025-01-15
asweigard@kinnamplus.com	2025-03-13
avillanueva@funholding.com	2024-06-11
avillanueva@funholding.com	2024-08-14
avillanueva@funholding.com	2024-09-16
avillanueva@funholding.com	2024-09-18
avillanueva@funholding.com	2024-12-13
bcorbley@isdom.com	2023-11-21
bcorbley@isdom.com	2024-01-31
bcorbley@isdom.com	2024-06-03
bcorbley@isdom.com	2024-08-14
bcorbley@isdom.com	2024-10-08
bhamilton@kan-code.com	2023-10-05
bhamilton@kan-code.com	2024-02-08
bhamilton@kan-code.com	2024-02-12
bhamilton@kan-code.com	2024-05-06
bhamilton@kan-code.com	2024-06-26
bhamilton@kan-code.com	2024-08-07
bhamilton@kan-code.com	2024-09-02
bhamilton@kan-code.com	2024-10-07
bhamilton@kan-code.com	2024-12-03
bhamilton@kan-code.com	2025-01-08
bhamilton@kan-code.com	2025-03-04
bkoppinger@kan-code.com	2023-10-05
bkoppinger@kan-code.com	2024-05-23
bkoppinger@kan-code.com	2024-06-24
bkoppinger@kan-code.com	2024-09-09
bkoppinger@kan-code.com	2024-10-28
blindall@gogozoom.com	2023-10-18
blindall@gogozoom.com	2023-10-31
blindall@gogozoom.com	2023-12-14
blindall@gogozoom.com	2024-01-22
blindall@gogozoom.com	2024-03-21
blindall@gogozoom.com	2024-05-08
blindall@gogozoom.com	2024-06-11
blindall@gogozoom.com	2024-08-06
blindall@gogozoom.com	2025-01-02
blindall@gogozoom.com	2025-01-13
blindall@gogozoom.com	2025-01-23
bpatak@ganjaflex.com	2023-10-06
bpatak@ganjaflex.com	2024-03-22
bpatak@ganjaflex.com	2024-10-30
bpatak@ganjaflex.com	2025-02-03
bpatak@ganjaflex.com	2025-02-04
bsamu@labdrill.com	2023-11-29
bsamu@labdrill.com	2024-02-23
bsamu@labdrill.com	2024-05-02
bsamu@labdrill.com	2024-09-10
bsamu@labdrill.com	2024-09-13
cauffrey@lexiqvolax.com	2024-03-25
cauffrey@lexiqvolax.com	2024-08-19
cauffrey@lexiqvolax.com	2024-09-02
cauffrey@lexiqvolax.com	2025-03-25
cbenimadho@newex.com	2023-10-24
cbenimadho@newex.com	2023-12-19
cbenimadho@newex.com	2024-01-24
cbenimadho@newex.com	2024-01-31
cbenimadho@newex.com	2024-02-19
cbenimadho@newex.com	2024-06-10
cbenimadho@newex.com	2024-10-22
cbenimadho@newex.com	2024-11-05
cbreland@sumace.com	2023-11-30
cbreland@sumace.com	2024-04-09
cbreland@sumace.com	2024-10-29
cbreland@sumace.com	2024-12-13
cbreland@sumace.com	2025-01-21
cbreland@sumace.com	2025-01-27
cbreland@sumace.com	2025-02-13
ccanlas@labdrill.com	2023-11-20
ccanlas@labdrill.com	2024-01-03
ccanlas@labdrill.com	2024-08-29
ccanlas@labdrill.com	2024-11-14
ccanlas@labdrill.com	2025-01-13
ccanlas@labdrill.com	2025-01-16
ccanlas@labdrill.com	2025-02-06
cgehrett@codehow.com	2024-03-19
cgehrett@codehow.com	2025-02-11
cgehrett@codehow.com	2025-03-19
cgellinger@silis.com	2023-10-17
cgellinger@silis.com	2023-12-07
cgellinger@silis.com	2023-12-15
cgellinger@silis.com	2024-10-04
cgellinger@silis.com	2024-12-09
chudnall@zoomit.com	2023-11-17
chudnall@zoomit.com	2024-01-03
chudnall@zoomit.com	2024-04-09
chudnall@zoomit.com	2024-07-09
chudnall@zoomit.com	2024-10-16
chudnall@zoomit.com	2025-01-07
chudnall@zoomit.com	2025-01-31
cpaskin@mathtouch.com	2023-11-14
cpaskin@mathtouch.com	2024-01-16
cpaskin@mathtouch.com	2024-04-29
cpaskin@mathtouch.com	2024-08-28
cpaskin@mathtouch.com	2024-10-09
cpaskin@mathtouch.com	2024-10-21
cshinko@scotfind.com	2024-03-08
cshinko@scotfind.com	2024-04-15
cshinko@scotfind.com	2024-08-12
cshinko@scotfind.com	2025-01-14
cshinko@scotfind.com	2025-02-05
cshinko@scotfind.com	2025-02-24
cslayton@openlane.com	2023-10-25
cslayton@openlane.com	2024-03-21
cslayton@openlane.com	2024-06-25
cslayton@openlane.com	2024-11-22
ctheodorov@groovestreet.com	2024-03-12
ctheodorov@groovestreet.com	2024-06-24
ctheodorov@groovestreet.com	2024-10-10
ctheodorov@groovestreet.com	2024-11-21
ctheodorov@groovestreet.com	2025-01-01
ctheodorov@groovestreet.com	2025-03-05
ctheodorov@groovestreet.com	2025-03-20
cvillanueva@isdom.com	2023-12-26
cvillanueva@isdom.com	2024-02-05
cvillanueva@isdom.com	2024-02-19
cvillanueva@isdom.com	2024-06-05
cvillanueva@isdom.com	2024-07-12
cvillanueva@isdom.com	2024-07-15
cvillanueva@isdom.com	2024-08-20
cvillanueva@isdom.com	2024-09-25
cvillanueva@isdom.com	2024-12-06
cvillanueva@isdom.com	2024-12-30
cvonasek@stanredtax.com	2023-11-24
cvonasek@stanredtax.com	2024-03-13
cvonasek@stanredtax.com	2024-07-22
cvonasek@stanredtax.com	2024-08-13
cvonasek@stanredtax.com	2024-08-26
cvonasek@stanredtax.com	2024-10-16
cvonasek@stanredtax.com	2024-10-30
cvonasek@stanredtax.com	2024-11-29
cvonasek@stanredtax.com	2024-12-25
cvonasek@stanredtax.com	2025-03-14
cwalthall@year-job.com	2024-01-01
cwalthall@year-job.com	2024-01-04
cwalthall@year-job.com	2024-01-24
cwalthall@year-job.com	2024-08-30
cwalthall@year-job.com	2024-12-27
cwalthall@year-job.com	2025-01-03
cwenner@betatech.com	2023-10-05
cwenner@betatech.com	2024-01-30
cwenner@betatech.com	2024-03-05
cwenner@betatech.com	2024-05-16
cwenner@betatech.com	2025-01-24
cwenner@betatech.com	2025-03-13
cwenner@betatech.com	2025-03-17
cwenner@betatech.com	2025-03-20
darias@treequote.com	2023-10-12
darias@treequote.com	2023-12-29
darias@treequote.com	2024-03-19
darias@treequote.com	2024-06-04
darias@treequote.com	2024-09-05
darias@treequote.com	2024-09-06
darias@treequote.com	2024-10-01
darias@treequote.com	2025-02-21
darias@treequote.com	2025-02-25
darias@treequote.com	2025-02-26
dblunk@dalttechnology.com	2023-11-09
dblunk@dalttechnology.com	2024-02-21
dblunk@dalttechnology.com	2024-04-08
dblunk@dalttechnology.com	2024-10-15
dblunk@dalttechnology.com	2024-10-23
dblunk@dalttechnology.com	2024-12-17
dblunk@dalttechnology.com	2025-01-30
dfelger@faxquote.com	2023-12-01
dfelger@faxquote.com	2023-12-14
dfelger@faxquote.com	2023-12-15
dfelger@faxquote.com	2023-12-27
dfelger@faxquote.com	2024-02-06
dfelger@faxquote.com	2024-03-15
dfelger@faxquote.com	2024-09-06
dfelger@faxquote.com	2024-11-27
dfelger@faxquote.com	2025-02-12
dfelger@faxquote.com	2025-02-19
dhoffis@zotware.com	2023-10-03
dhoffis@zotware.com	2024-03-18
dhoffis@zotware.com	2024-03-25
dhoffis@zotware.com	2024-04-10
dhoffis@zotware.com	2024-05-02
dhoffis@zotware.com	2024-06-17
dhoffis@zotware.com	2024-07-02
dhoffis@zotware.com	2024-08-01
dhoffis@zotware.com	2024-08-23
dhoffis@zotware.com	2024-12-20
dhoffis@zotware.com	2025-02-10
dlueckenbach@opentech.com	2024-03-13
dlueckenbach@opentech.com	2024-08-01
dlueckenbach@opentech.com	2024-10-09
dlueckenbach@opentech.com	2024-11-11
dlueckenbach@opentech.com	2024-12-02
dlueckenbach@opentech.com	2025-02-19
dmoyd@labdrill.com	2023-12-20
dmoyd@labdrill.com	2024-07-12
dmoyd@labdrill.com	2024-08-21
dmoyd@labdrill.com	2025-01-23
dmoyd@labdrill.com	2025-02-06
dnestle@treequote.com	2023-10-20
dnestle@treequote.com	2024-02-20
dnestle@treequote.com	2024-04-23
dnestle@treequote.com	2024-06-06
dnestle@treequote.com	2024-07-19
dnestle@treequote.com	2024-09-04
dnestle@treequote.com	2024-12-03
dnestle@treequote.com	2025-01-22
dnestle@treequote.com	2025-03-12
dnestle@treequote.com	2025-03-24
drestrepo@xx-zobam.com	2023-12-05
drestrepo@xx-zobam.com	2024-04-30
drestrepo@xx-zobam.com	2024-10-14
drestrepo@xx-zobam.com	2024-11-11
drulapaugh@mathtouch.com	2023-11-14
drulapaugh@mathtouch.com	2023-11-30
drulapaugh@mathtouch.com	2024-02-01
drulapaugh@mathtouch.com	2024-03-26
drulapaugh@mathtouch.com	2024-07-10
drulapaugh@mathtouch.com	2024-10-31
drulapaugh@mathtouch.com	2024-11-05
drulapaugh@mathtouch.com	2025-01-07
drulapaugh@mathtouch.com	2025-01-09
dstaback@warephase.com	2023-11-21
dstaback@warephase.com	2024-04-12
dstaback@warephase.com	2024-05-17
dstaback@warephase.com	2024-05-21
dstaback@warephase.com	2024-07-15
dstaback@warephase.com	2024-08-23
ebaltimore@singletechno.com	2023-10-11
ebaltimore@singletechno.com	2023-11-23
ebaltimore@singletechno.com	2024-05-30
ebaltimore@singletechno.com	2024-06-07
ebaltimore@singletechno.com	2024-09-12
ebaltimore@singletechno.com	2024-12-05
eburnard@mathtouch.com	2023-10-09
eburnard@mathtouch.com	2023-11-06
eburnard@mathtouch.com	2023-11-17
eburnard@mathtouch.com	2024-01-23
eburnard@mathtouch.com	2024-03-27
eburnard@mathtouch.com	2024-04-26
eburnard@mathtouch.com	2024-05-14
eburnard@mathtouch.com	2024-08-08
eburnard@mathtouch.com	2024-12-16
ecanlas@conecom.com	2023-10-03
ecanlas@conecom.com	2024-02-02
ecanlas@conecom.com	2024-02-08
ecanlas@conecom.com	2024-07-05
ecanlas@conecom.com	2024-07-26
ecanlas@conecom.com	2024-08-16
ecanlas@conecom.com	2024-12-17
ecoyier@hatfan.com	2023-11-17
ecoyier@hatfan.com	2024-05-20
ecoyier@hatfan.com	2024-09-30
ecoyier@hatfan.com	2024-11-08
erowling@j-texon.com	2024-04-25
erowling@j-texon.com	2024-07-30
erowling@j-texon.com	2024-08-19
erowling@j-texon.com	2024-09-11
erowling@j-texon.com	2024-09-19
erowling@j-texon.com	2025-01-28
erowling@j-texon.com	2025-02-18
erowling@j-texon.com	2025-03-18
esergi@cancity.com	2023-11-27
esergi@cancity.com	2024-01-19
esergi@cancity.com	2024-04-16
esergi@cancity.com	2024-08-05
esergi@cancity.com	2024-10-24
fankeny@domzoom.com	2023-10-06
fankeny@domzoom.com	2023-11-20
fankeny@domzoom.com	2024-02-13
fankeny@domzoom.com	2024-03-06
fankeny@domzoom.com	2024-03-11
fankeny@domzoom.com	2024-04-03
fankeny@domzoom.com	2024-05-28
fankeny@domzoom.com	2024-06-28
fankeny@domzoom.com	2024-07-16
fankeny@domzoom.com	2024-08-23
fankeny@domzoom.com	2024-09-20
fankeny@domzoom.com	2024-10-03
fankeny@domzoom.com	2025-02-24
ffelger@plusstrip.com	2023-11-28
ffritz@zumgoity.com	2023-10-23
ffritz@zumgoity.com	2023-11-16
ffritz@zumgoity.com	2024-01-29
ffritz@zumgoity.com	2024-02-29
ffritz@zumgoity.com	2024-03-18
ffritz@zumgoity.com	2024-03-25
ffritz@zumgoity.com	2024-04-02
ffritz@zumgoity.com	2024-07-04
ffritz@zumgoity.com	2024-09-23
ffritz@zumgoity.com	2024-12-25
ffritz@zumgoity.com	2025-01-20
fshinko@inity.com	2023-10-12
fshinko@inity.com	2023-12-22
fshinko@inity.com	2024-09-05
fshinko@inity.com	2024-09-27
fshinko@inity.com	2024-11-07
fshinko@inity.com	2024-11-21
fvarriano@mathtouch.com	2023-10-27
fvarriano@mathtouch.com	2023-12-25
fvarriano@mathtouch.com	2024-02-22
fvarriano@mathtouch.com	2024-03-04
fvarriano@mathtouch.com	2024-03-13
fvarriano@mathtouch.com	2025-01-22
fvarriano@mathtouch.com	2025-02-06
fvarriano@mathtouch.com	2025-03-05
gangalich@rundofase.com	2024-02-28
gangalich@rundofase.com	2024-11-28
gangalich@rundofase.com	2024-12-11
gangalich@rundofase.com	2025-01-07
gcousey@gogozoom.com	2023-11-13
gcousey@gogozoom.com	2024-06-06
gcousey@gogozoom.com	2024-08-21
gcousey@gogozoom.com	2024-10-07
gcousey@gogozoom.com	2025-03-13
gcousey@groovestreet.com	2023-10-09
gcousey@groovestreet.com	2023-10-17
gcousey@groovestreet.com	2023-11-08
gcousey@groovestreet.com	2023-12-12
gcousey@groovestreet.com	2023-12-21
gcousey@groovestreet.com	2024-01-23
gcousey@groovestreet.com	2024-02-02
gcousey@groovestreet.com	2024-04-05
gcousey@groovestreet.com	2024-06-12
gcousey@groovestreet.com	2024-11-06
giturbide@rangreen.com	2024-01-01
giturbide@rangreen.com	2024-09-23
giturbide@rangreen.com	2024-12-16
giturbide@rangreen.com	2024-12-18
gjurney@rantouch.com	2023-12-05
gjurney@rantouch.com	2024-04-17
gjurney@rantouch.com	2024-07-17
gjurney@rantouch.com	2024-08-28
gjurney@rantouch.com	2024-09-06
gjurney@rantouch.com	2024-10-10
gschnitzler@ron-tech.com	2024-03-15
gschnitzler@ron-tech.com	2024-07-12
gschnitzler@ron-tech.com	2024-09-03
gschnitzler@ron-tech.com	2025-03-10
hhellickson@isdom.com	2023-12-19
hhellickson@isdom.com	2024-02-28
hhellickson@isdom.com	2024-04-12
hhellickson@isdom.com	2024-05-17
hhellickson@isdom.com	2024-05-28
hhellickson@isdom.com	2024-10-07
hhellickson@isdom.com	2024-12-20
hkardas@dambase.com	2023-11-24
hkardas@dambase.com	2023-12-20
hkardas@dambase.com	2024-04-04
hmartabano@fasehatice.com	2023-10-18
hmartabano@fasehatice.com	2023-12-06
hmartabano@fasehatice.com	2023-12-11
hmartabano@fasehatice.com	2024-01-10
hmartabano@fasehatice.com	2024-03-27
hmartabano@fasehatice.com	2024-04-01
hmartabano@fasehatice.com	2024-04-02
hmartabano@fasehatice.com	2024-04-08
hmartabano@fasehatice.com	2025-03-27
hvocelka@yearin.com	2023-10-03
hvocelka@yearin.com	2024-05-27
hvocelka@yearin.com	2024-07-03
hvocelka@yearin.com	2025-02-17
imcnease@j-texon.com	2024-03-12
imcnease@j-texon.com	2024-05-13
imcnease@j-texon.com	2024-05-31
imcnease@j-texon.com	2024-09-26
imcnease@j-texon.com	2024-10-15
imcnease@j-texon.com	2024-10-23
imcnease@j-texon.com	2025-01-29
imcnease@j-texon.com	2025-03-12
jcallaro@blackzim.com	2023-11-28
jcallaro@blackzim.com	2025-02-20
jkitty@nam-zim.com	2024-03-28
jkitty@nam-zim.com	2024-05-07
jkitty@nam-zim.com	2024-10-25
jkitty@nam-zim.com	2025-02-13
jkusko@bioplex.com	2023-11-07
jkusko@bioplex.com	2024-02-14
jkusko@bioplex.com	2024-04-26
jkusko@bioplex.com	2024-08-13
jkusko@bioplex.com	2024-11-28
jleinenbach@singletechno.com	2024-01-05
jleinenbach@singletechno.com	2024-07-18
jleinenbach@singletechno.com	2024-09-12
jleinenbach@singletechno.com	2024-12-09
jmoyd@bioholding.com	2024-07-01
jmoyd@bioholding.com	2024-08-05
jmoyd@bioholding.com	2024-08-08
jmoyd@bioholding.com	2024-12-12
jmoyd@bioholding.com	2025-01-28
jmoyd@bioholding.com	2025-02-25
jperez@groovestreet.com	2024-08-19
jperez@groovestreet.com	2024-09-19
jperez@groovestreet.com	2024-11-19
jperez@groovestreet.com	2024-12-02
jtoyama@hottechi.com	2023-11-08
jtoyama@hottechi.com	2024-02-26
jtoyama@hottechi.com	2024-05-08
jtoyama@hottechi.com	2024-12-31
jtoyama@hottechi.com	2025-03-06
jyglesias@betasoloin.com	2023-11-24
jyglesias@betasoloin.com	2024-02-27
jyglesias@betasoloin.com	2024-05-20
jyglesias@betasoloin.com	2024-07-12
jyglesias@betasoloin.com	2024-08-21
jyglesias@finjob.com	2024-01-16
jyglesias@finjob.com	2024-01-29
jyglesias@finjob.com	2025-01-10
jyglesias@xx-zobam.com	2023-10-04
jyglesias@xx-zobam.com	2024-04-22
jyglesias@xx-zobam.com	2024-07-02
jyglesias@xx-zobam.com	2024-07-08
jyglesias@xx-zobam.com	2024-10-14
jyglesias@xx-zobam.com	2024-12-11
jyglesias@xx-zobam.com	2024-12-24
jyglesias@xx-zobam.com	2025-03-06
kagramonte@plexzap.com	2024-04-12
kagramonte@plexzap.com	2024-12-23
kagramonte@plexzap.com	2024-12-26
kagramonte@plexzap.com	2025-03-25
kblackwood@kan-code.com	2023-10-20
kblackwood@kan-code.com	2024-09-18
kblackwood@kan-code.com	2024-11-26
kblackwood@kan-code.com	2025-01-20
kcaiafa@ganjaflex.com	2023-11-20
kcaiafa@ganjaflex.com	2023-12-18
kcaiafa@ganjaflex.com	2024-01-23
kcaiafa@ganjaflex.com	2024-04-10
kcaiafa@ganjaflex.com	2024-05-07
kcaiafa@ganjaflex.com	2025-02-14
kcaiafa@ganjaflex.com	2025-03-17
kcaiafa@ganjaflex.com	2025-03-25
kdemesa@scottech.com	2023-11-22
kdemesa@scottech.com	2023-12-07
kdemesa@scottech.com	2024-06-04
kdemesa@scottech.com	2025-01-03
kdemesa@scottech.com	2025-02-28
kstockham@zoomit.com	2023-11-23
kstockham@zoomit.com	2024-02-14
kstockham@zoomit.com	2024-07-04
kstockham@zoomit.com	2024-07-16
kstockham@zoomit.com	2024-11-19
kstockham@zoomit.com	2024-12-18
kstockham@zoomit.com	2025-01-27
lbatman@newex.com	2023-10-17
lbatman@newex.com	2024-06-10
lbatman@newex.com	2024-06-26
lbatman@newex.com	2024-06-28
lbatman@newex.com	2024-08-12
lbatman@newex.com	2024-08-20
lbiddy@toughzap.com	2023-12-04
lbiddy@toughzap.com	2025-01-09
lbiddy@toughzap.com	2025-03-13
lbrachle@plexzap.com	2023-10-20
lfrankel@betatech.com	2023-10-31
lfrankel@betatech.com	2023-12-22
lfrankel@betatech.com	2023-12-27
lfrankel@betatech.com	2024-06-12
lfrankel@betatech.com	2024-09-23
lfrankel@betatech.com	2024-10-24
lfrankel@betatech.com	2024-12-30
lfrankel@betatech.com	2025-03-07
lgillaspie@zencorporation.com	2023-11-09
lgillaspie@zencorporation.com	2023-12-05
lgillaspie@zencorporation.com	2024-01-12
lgillaspie@zencorporation.com	2024-06-13
lgillaspie@zencorporation.com	2024-10-21
lgillaspie@zencorporation.com	2025-02-05
lhamilton@donware.com	2024-03-20
lhamilton@donware.com	2024-05-21
lhamilton@donware.com	2024-05-22
lhamilton@donware.com	2024-06-18
lhamilton@donware.com	2024-11-01
lhamilton@donware.com	2024-11-07
lhamilton@donware.com	2024-11-13
lhamilton@donware.com	2025-02-13
lhamilton@donware.com	2025-02-25
lhamilton@donware.com	2025-03-31
lisaacs@scottech.com	2023-10-10
lisaacs@scottech.com	2023-12-04
lisaacs@scottech.com	2024-01-08
lisaacs@scottech.com	2024-03-22
lisaacs@scottech.com	2024-05-03
lisaacs@scottech.com	2024-07-01
lisaacs@scottech.com	2024-07-18
lisaacs@scottech.com	2024-09-30
lisaacs@scottech.com	2024-10-29
lisaacs@scottech.com	2024-11-26
lmallett@sonron.com	2023-10-19
lmallett@sonron.com	2024-01-15
lmallett@sonron.com	2024-01-17
lmallett@sonron.com	2024-05-10
lmallett@sonron.com	2024-05-14
lmallett@sonron.com	2024-06-19
lmonarrez@doncon.com	2023-12-01
lmonarrez@doncon.com	2024-02-07
lmonarrez@doncon.com	2024-05-07
lmonarrez@doncon.com	2024-10-08
lpinilla@condax.com	2023-11-03
lpinilla@condax.com	2024-02-16
lpinilla@condax.com	2024-04-11
lpinilla@condax.com	2024-10-10
lpinilla@condax.com	2024-10-14
lshinko@plussunin.com	2024-08-02
lshinko@plussunin.com	2024-09-10
lshinko@plussunin.com	2024-09-17
lthreets@singletechno.com	2024-01-09
lthreets@singletechno.com	2024-02-08
lthreets@singletechno.com	2024-08-20
lworlds@hottechi.com	2023-10-10
lworlds@hottechi.com	2023-11-02
lworlds@hottechi.com	2024-03-19
lworlds@hottechi.com	2024-04-24
lworlds@hottechi.com	2024-07-11
lworlds@hottechi.com	2024-07-31
lworlds@hottechi.com	2025-01-16
lwrinkles@streethex.com	2024-01-18
lwrinkles@streethex.com	2024-04-29
lwrinkles@streethex.com	2024-06-27
lwrinkles@streethex.com	2024-12-09
lwrinkles@streethex.com	2025-01-14
lwrinkles@streethex.com	2025-03-14
lwrinkles@streethex.com	2025-03-18
maquas@cancity.com	2024-06-28
maquas@cancity.com	2024-09-16
maquas@cancity.com	2024-10-08
maquas@cancity.com	2024-11-15
maquas@cancity.com	2024-12-18
maquas@cancity.com	2025-02-03
marias@zotware.com	2023-12-13
marias@zotware.com	2024-10-01
marias@zotware.com	2024-11-22
marias@zotware.com	2025-03-21
mchesterfield@plussunin.com	2024-01-15
mchesterfield@plussunin.com	2024-04-29
mchesterfield@plussunin.com	2024-10-04
mchesterfield@plussunin.com	2025-02-10
mclaucherty@zoomit.com	2024-04-08
mclaucherty@zoomit.com	2024-05-20
mclaucherty@zoomit.com	2024-05-30
mclaucherty@zoomit.com	2024-08-09
mclaucherty@zoomit.com	2024-08-29
mclaucherty@zoomit.com	2024-12-19
mclaucherty@zoomit.com	2025-01-08
mcloney@xx-holding.com	2023-10-04
mcloney@xx-holding.com	2024-05-03
mcloney@xx-holding.com	2024-08-27
mcloney@xx-holding.com	2024-10-11
mcloney@xx-holding.com	2025-02-07
mgillaspie@cancity.com	2023-12-27
mgillaspie@cancity.com	2024-01-22
mgillaspie@cancity.com	2025-02-26
mmauson@zathunicon.com	2023-10-02
mmauson@zathunicon.com	2023-10-17
mmauson@zathunicon.com	2023-11-23
mmauson@zathunicon.com	2023-12-13
mmauson@zathunicon.com	2024-01-30
mmauson@zathunicon.com	2024-06-14
mmauson@zathunicon.com	2024-06-18
mmauson@zathunicon.com	2024-11-04
mmauson@zathunicon.com	2025-02-27
mmauson@zathunicon.com	2025-03-11
mpaa@zotware.com	2023-11-10
mpaa@zotware.com	2023-12-04
mpaa@zotware.com	2024-02-09
mpaa@zotware.com	2024-02-16
mpaa@zotware.com	2024-02-20
mpaa@zotware.com	2024-09-03
mpaa@zotware.com	2024-11-25
mpaa@zotware.com	2025-03-27
mpalaspas@iselectrics.com	2023-11-27
mpalaspas@iselectrics.com	2023-12-20
mpalaspas@iselectrics.com	2023-12-25
mpalaspas@iselectrics.com	2024-03-14
mpalaspas@iselectrics.com	2024-04-19
mpalaspas@iselectrics.com	2024-07-23
mpalaspas@iselectrics.com	2024-10-18
mpalaspas@iselectrics.com	2025-03-03
mriden@finhigh.com	2023-10-11
mriden@finhigh.com	2023-11-07
mriden@finhigh.com	2024-03-06
mriden@finhigh.com	2024-03-07
mriden@finhigh.com	2024-05-10
mriden@finhigh.com	2024-05-15
mriden@finhigh.com	2024-06-12
mriden@finhigh.com	2024-10-08
mriden@finhigh.com	2025-01-02
mriden@finhigh.com	2025-02-21
mriden@finhigh.com	2025-03-31
mvanheusen@conecom.com	2023-11-16
mvanheusen@conecom.com	2023-12-21
mvanheusen@conecom.com	2023-12-28
mvanheusen@conecom.com	2024-01-25
mvanheusen@conecom.com	2024-05-24
mvanheusen@conecom.com	2024-07-01
mvanheusen@conecom.com	2024-08-15
mvanheusen@conecom.com	2024-08-22
mvanheusen@conecom.com	2024-12-16
mwenner@scotfind.com	2023-11-09
mwenner@scotfind.com	2024-04-01
mwenner@scotfind.com	2024-06-20
mwenner@scotfind.com	2024-07-01
mwenner@scotfind.com	2024-07-10
mwenner@scotfind.com	2024-07-11
mwenner@scotfind.com	2024-12-25
mwenner@scotfind.com	2025-01-09
ndelasancha@scotfind.com	2024-02-15
ndelasancha@scotfind.com	2024-04-02
ndelasancha@scotfind.com	2024-06-04
ndelasancha@scotfind.com	2025-01-03
nharnos@konex.com	2024-01-31
nharnos@konex.com	2024-02-09
nharnos@konex.com	2024-06-25
nharnos@konex.com	2024-09-17
nharnos@konex.com	2025-02-07
nharnos@konex.com	2025-02-10
nharnos@konex.com	2025-02-19
nsuell@kinnamplus.com	2023-10-30
nsuell@kinnamplus.com	2024-02-28
nsuell@kinnamplus.com	2024-07-26
nsuell@kinnamplus.com	2024-08-06
ntagala@j-texon.com	2023-10-26
ntagala@j-texon.com	2024-01-02
ntagala@j-texon.com	2024-01-04
ntagala@j-texon.com	2024-04-19
ntagala@j-texon.com	2024-05-29
ntagala@j-texon.com	2024-09-24
ntagala@j-texon.com	2024-12-25
ntagala@j-texon.com	2025-02-11
ntagala@j-texon.com	2025-03-11
omulqueen@donware.com	2024-04-18
omulqueen@donware.com	2024-09-24
omulqueen@donware.com	2024-11-28
pbevelacqua@iselectrics.com	2023-11-02
pbevelacqua@iselectrics.com	2023-12-11
pbevelacqua@iselectrics.com	2024-01-11
pbevelacqua@iselectrics.com	2024-01-15
pbevelacqua@iselectrics.com	2024-04-11
pbevelacqua@iselectrics.com	2025-03-07
qcantres@lexiqvolax.com	2024-03-01
qcantres@lexiqvolax.com	2024-04-19
qcantres@lexiqvolax.com	2024-05-21
qcantres@lexiqvolax.com	2024-08-08
qcantres@lexiqvolax.com	2024-10-01
qcantres@lexiqvolax.com	2024-10-22
qcantres@lexiqvolax.com	2024-10-30
qcantres@lexiqvolax.com	2024-11-13
rhoa@iselectrics.com	2023-10-04
rhoa@iselectrics.com	2023-11-16
rhoa@iselectrics.com	2023-12-12
rhoa@iselectrics.com	2024-01-17
rhoa@iselectrics.com	2024-10-28
rhoa@iselectrics.com	2024-12-03
rhoa@iselectrics.com	2025-01-20
rhoa@iselectrics.com	2025-03-28
rmonarrez@opentech.com	2023-11-01
rmonarrez@opentech.com	2024-02-28
rmonarrez@opentech.com	2024-04-10
rmonarrez@opentech.com	2024-11-01
rmonarrez@opentech.com	2024-11-12
rmonarrez@opentech.com	2025-01-10
rmonarrez@opentech.com	2025-01-23
rslusarski@singletechno.com	2023-10-06
rslusarski@singletechno.com	2023-11-01
rslusarski@singletechno.com	2024-05-29
rslusarski@singletechno.com	2024-07-25
rslusarski@singletechno.com	2025-01-15
rslusarski@singletechno.com	2025-03-04
scloney@konmatfix.com	2023-10-03
scloney@konmatfix.com	2023-11-02
scloney@konmatfix.com	2024-02-01
scloney@konmatfix.com	2024-02-22
scloney@konmatfix.com	2024-04-17
scloney@konmatfix.com	2024-05-22
scloney@konmatfix.com	2024-08-09
scloney@konmatfix.com	2024-08-26
scloney@konmatfix.com	2024-09-10
sfeichtner@donware.com	2024-05-30
sfeichtner@donware.com	2024-06-26
sfeichtner@donware.com	2024-08-02
sfeichtner@donware.com	2024-08-29
sfeichtner@donware.com	2024-09-09
sfeichtner@donware.com	2025-01-02
sfeichtner@stanredtax.com	2023-10-30
sfeichtner@stanredtax.com	2023-11-06
sfeichtner@stanredtax.com	2024-05-09
sfeichtner@stanredtax.com	2024-09-13
sfeichtner@stanredtax.com	2024-10-25
sfeichtner@stanredtax.com	2024-11-22
sfeichtner@stanredtax.com	2025-01-13
sfeichtner@stanredtax.com	2025-02-18
sgudroe@cancity.com	2024-01-12
sgudroe@cancity.com	2024-01-17
sgudroe@cancity.com	2024-03-21
sgudroe@cancity.com	2024-04-30
sgudroe@cancity.com	2024-07-22
sgudroe@cancity.com	2024-09-24
sgudroe@cancity.com	2024-09-26
sgudroe@cancity.com	2024-10-01
sgudroe@cancity.com	2025-01-14
sgudroe@cancity.com	2025-01-17
sheintzman@blackzim.com	2023-12-08
sheintzman@blackzim.com	2024-01-03
sheintzman@blackzim.com	2024-02-15
sheintzman@blackzim.com	2024-07-19
sheintzman@blackzim.com	2024-07-22
sheintzman@blackzim.com	2024-08-27
sheintzman@blackzim.com	2024-10-02
sheintzman@blackzim.com	2024-10-22
sheintzman@blackzim.com	2024-11-26
sheintzman@blackzim.com	2025-01-21
sheintzman@blackzim.com	2025-02-28
snachor@xx-holding.com	2024-06-03
snachor@xx-holding.com	2024-07-17
spawlowicz@warephase.com	2023-10-25
spawlowicz@warephase.com	2024-07-29
spawlowicz@warephase.com	2024-10-22
spawlowicz@warephase.com	2024-12-19
spawlowicz@warephase.com	2025-03-26
srowling@j-texon.com	2024-01-11
srowling@j-texon.com	2024-04-26
srowling@j-texon.com	2025-02-28
ssaras@sumace.com	2023-10-25
ssaras@sumace.com	2024-01-12
ssaras@sumace.com	2024-01-18
ssaras@sumace.com	2024-04-25
ssaras@sumace.com	2024-05-13
ssaras@sumace.com	2024-06-21
ssaras@sumace.com	2024-10-09
ssaras@sumace.com	2024-10-11
ssaras@sumace.com	2024-11-18
ssaras@sumace.com	2024-11-29
ssaras@sumace.com	2024-12-05
ssaras@sumace.com	2025-02-27
ssaras@sumace.com	2025-03-19
sshealy@statholdings.com	2023-10-16
sshealy@statholdings.com	2023-10-19
sshealy@statholdings.com	2023-10-24
sshealy@statholdings.com	2023-11-03
sshealy@statholdings.com	2023-12-26
sshealy@statholdings.com	2024-01-05
sshealy@statholdings.com	2024-03-26
sshealy@statholdings.com	2024-04-15
sshealy@statholdings.com	2024-04-24
sshealy@statholdings.com	2025-02-26
tasar@stanredtax.com	2023-11-02
tasar@stanredtax.com	2023-11-17
tasar@stanredtax.com	2024-02-02
tasar@stanredtax.com	2024-02-09
tasar@stanredtax.com	2024-08-20
tasar@stanredtax.com	2024-11-15
tasar@stanredtax.com	2025-03-24
tbutt@blackzim.com	2024-05-16
tbutt@blackzim.com	2024-06-17
tbutt@blackzim.com	2024-11-21
tbutt@blackzim.com	2025-02-12
tbutt@blackzim.com	2025-02-18
tbutt@blackzim.com	2025-03-18
tdelasancha@warephase.com	2024-02-19
tdelasancha@warephase.com	2024-03-27
tdelasancha@warephase.com	2024-04-16
tdelasancha@warephase.com	2024-05-15
tdelasancha@warephase.com	2024-05-17
tdelasancha@warephase.com	2024-10-31
teroman@iselectrics.com	2024-04-18
teroman@iselectrics.com	2024-10-24
teroman@iselectrics.com	2024-12-24
teroman@iselectrics.com	2025-02-17
tfelger@j-texon.com	2024-01-26
tfelger@j-texon.com	2024-03-07
tfelger@j-texon.com	2024-05-24
tfelger@j-texon.com	2024-07-04
tfelger@j-texon.com	2024-08-30
tfelger@j-texon.com	2025-03-07
tgotter@treequote.com	2024-07-29
tgotter@treequote.com	2024-11-27
tharnos@donquadtech.com	2023-10-02
tharnos@donquadtech.com	2023-11-13
tharnos@donquadtech.com	2024-04-03
tharnos@donquadtech.com	2024-04-23
tharnos@donquadtech.com	2024-05-31
tharnos@donquadtech.com	2024-11-01
tharnos@donquadtech.com	2024-11-19
thoopengardner@conecom.com	2023-10-10
thoopengardner@conecom.com	2023-10-11
thoopengardner@conecom.com	2023-10-19
thoopengardner@conecom.com	2023-11-06
thoopengardner@conecom.com	2023-12-08
thoopengardner@conecom.com	2024-03-13
thoopengardner@conecom.com	2024-06-07
thoopengardner@conecom.com	2024-12-10
thoopengardner@conecom.com	2025-01-24
tkitzman@dambase.com	2023-10-16
tkitzman@dambase.com	2024-01-09
tkitzman@dambase.com	2024-01-23
tkitzman@dambase.com	2024-05-14
tkitzman@dambase.com	2024-11-06
tkitzman@dambase.com	2024-12-30
tmirafuentes@statholdings.com	2023-10-30
tmirafuentes@statholdings.com	2023-11-14
tmirafuentes@statholdings.com	2024-05-16
tmirafuentes@statholdings.com	2024-05-31
tmirafuentes@statholdings.com	2024-10-18
tmirafuentes@statholdings.com	2025-03-04
tmirafuentes@statholdings.com	2025-03-24
tpalaspas@hatfan.com	2024-01-04
tpalaspas@hatfan.com	2024-05-03
tpalaspas@hatfan.com	2024-06-19
tpalaspas@hatfan.com	2024-07-24
tpalaspas@hatfan.com	2024-08-14
tpalaspas@hatfan.com	2024-11-01
tpalaspas@hatfan.com	2024-11-08
tpalaspas@hatfan.com	2024-11-20
tpalaspas@hatfan.com	2024-12-03
tpalaspas@hatfan.com	2025-01-17
tsawchuk@condax.com	2023-12-18
tsawchuk@condax.com	2024-01-22
tsawchuk@condax.com	2024-02-26
tsawchuk@condax.com	2024-03-29
tsawchuk@condax.com	2024-06-05
tsawchuk@condax.com	2024-06-20
tsawchuk@condax.com	2024-08-07
tsawchuk@condax.com	2024-12-31
ttomasulo@dambase.com	2023-11-06
ttomasulo@dambase.com	2023-11-15
ttomasulo@dambase.com	2024-12-23
ttomasulo@dambase.com	2025-03-04
vauffrey@groovestreet.com	2023-12-14
vauffrey@groovestreet.com	2024-05-29
vdiestel@green-plus.com	2023-11-07
vdiestel@green-plus.com	2023-11-14
vdiestel@green-plus.com	2023-12-27
vdiestel@green-plus.com	2024-01-02
vdiestel@green-plus.com	2024-02-21
vdiestel@green-plus.com	2024-04-16
vdiestel@green-plus.com	2024-08-07
vdiestel@green-plus.com	2024-09-20
vdiestel@green-plus.com	2024-12-31
vkorando@rantouch.com	2024-04-30
vkorando@rantouch.com	2024-06-17
vkorando@rantouch.com	2024-07-10
vkorando@rantouch.com	2024-07-24
vkorando@rantouch.com	2025-01-01
wfelger@sumace.com	2023-11-22
wfelger@sumace.com	2024-05-22
wfelger@sumace.com	2024-05-23
wfelger@sumace.com	2024-06-06
wfelger@sumace.com	2024-06-13
wfelger@sumace.com	2024-06-21
wfelger@sumace.com	2024-09-25
wfelger@sumace.com	2024-11-18
wfelger@sumace.com	2025-01-31
wnestle@bioholding.com	2024-01-01
wnestle@bioholding.com	2024-02-13
wnestle@bioholding.com	2024-02-16
wnestle@bioholding.com	2024-03-08
wnestle@bioholding.com	2024-08-02
wnestle@bioholding.com	2024-08-30
wnestle@bioholding.com	2024-10-03
wsimilton@xx-holding.com	2023-12-13
wsimilton@xx-holding.com	2024-01-01
wsimilton@xx-holding.com	2024-03-29
wsimilton@xx-holding.com	2024-08-30
wsimilton@xx-holding.com	2024-12-10
wsimilton@xx-holding.com	2024-12-13
wsimilton@xx-holding.com	2024-12-27
wsimilton@xx-holding.com	2025-01-14
wsimilton@xx-holding.com	2025-01-28
xmcnease@groovestreet.com	2023-12-28
xmcnease@groovestreet.com	2024-01-30
xmcnease@groovestreet.com	2024-03-05
xmcnease@groovestreet.com	2024-04-25
xmcnease@groovestreet.com	2025-02-04
xmcnease@groovestreet.com	2025-03-26
xnunlee@gogozoom.com	2023-10-24
xnunlee@gogozoom.com	2024-01-24
xnunlee@gogozoom.com	2024-02-27
xnunlee@gogozoom.com	2025-02-05
yvonasek@yearin.com	2023-12-07
yvonasek@yearin.com	2023-12-15
yvonasek@yearin.com	2024-02-16
yvonasek@yearin.com	2024-07-26
yvonasek@yearin.com	2024-10-23
yvonasek@yearin.com	2024-12-04
zmyricks@isdom.com	2023-10-18
zmyricks@isdom.com	2023-12-12
zmyricks@isdom.com	2024-07-18
zmyricks@isdom.com	2024-10-04
zmyricks@isdom.com	2025-01-06
zmyricks@isdom.com	2025-03-20