a_email	app_date	rejected_date
abayless@rangreen.com	2024-12-06	2025-02-22
afrankel@plexzap.com	2024-05-10	2024-12-20
akampa@zumgoity.com	2023-12-18	2024-05-01
akampa@zumgoity.com	2023-12-29	2024-11-18
akampa@zumgoity.com	2024-02-14	2024-04-14
amirafuentes@inity.com	2024-06-25	2025-02-17
apoullion@year-job.com	2024-11-15	2025-01-14
aradde@hottechi.com	2024-05-01	2024-06-04
aradde@hottechi.com	2024-08-06	2024-12-17
asilvestrini@bioholding.com	2024-08-13	2024-10-18
asweigard@kinnamplus.com	2024-06-27	2025-01-26
bhamilton@kan-code.com	2024-08-07	2024-08-20
bkoppinger@kan-code.com	2023-10-05	2023-11-29
bkoppinger@kan-code.com	2024-05-23	2024-06-30
bkoppinger@kan-code.com	2024-06-24	2024-08-05
blindall@gogozoom.com	2023-10-18	2024-12-21
blindall@gogozoom.com	2024-05-08	2024-06-02
blindall@gogozoom.com	2024-06-11	2024-08-15
blindall@gogozoom.com	2025-01-02	2025-01-25
bpatak@ganjaflex.com	2024-03-22	2025-01-24
bsamu@labdrill.com	2024-02-23	2024-04-06
bsamu@labdrill.com	2024-05-02	2024-06-10
bsamu@labdrill.com	2024-09-10	2024-10-28
cgellinger@silis.com	2023-10-17	2024-02-17
chudnall@zoomit.com	2023-11-17	2023-11-29
cpaskin@mathtouch.com	2024-01-16	2024-04-18
cpaskin@mathtouch.com	2024-04-29	2025-03-19
cvillanueva@isdom.com	2024-02-05	2025-01-15
cvillanueva@isdom.com	2024-02-19	2024-10-22
cvillanueva@isdom.com	2024-07-15	2024-08-21
cvonasek@stanredtax.com	2024-11-29	2024-12-10
cwalthall@year-job.com	2024-01-04	2024-06-28
cwenner@betatech.com	2023-10-05	2024-11-08
cwenner@betatech.com	2024-05-16	2024-07-08
darias@treequote.com	2024-06-04	2024-11-29
dblunk@dalttechnology.com	2024-02-21	2024-11-09
dblunk@dalttechnology.com	2024-10-23	2024-11-12
dblunk@dalttechnology.com	2024-12-17	2025-03-20
dblunk@dalttechnology.com	2025-01-30	2025-02-24
dfelger@faxquote.com	2024-03-15	2024-04-22
dfelger@faxquote.com	2024-09-06	2025-03-11
dhoffis@zotware.com	2024-04-10	2024-06-04
dlueckenbach@opentech.com	2024-03-13	2024-06-21
dmoyd@labdrill.com	2023-12-20	2024-01-30
drulapaugh@mathtouch.com	2023-11-14	2024-04-06
drulapaugh@mathtouch.com	2024-11-05	2025-03-25
dstaback@warephase.com	2023-11-21	2024-09-13
dstaback@warephase.com	2024-04-12	2024-08-13
eburnard@mathtouch.com	2023-10-09	2023-10-23
ecanlas@conecom.com	2024-02-08	2025-02-18
ecanlas@conecom.com	2024-07-05	2024-12-04
esergi@cancity.com	2024-01-19	2024-02-17
fankeny@domzoom.com	2024-02-13	2024-03-20
fankeny@domzoom.com	2024-03-11	2024-09-07
fankeny@domzoom.com	2024-04-03	2024-04-03
ffritz@zumgoity.com	2023-10-23	2024-05-11
fshinko@inity.com	2023-12-22	2024-02-24
fshinko@inity.com	2024-09-05	2024-12-16
fshinko@inity.com	2024-09-27	2025-03-29
fvarriano@mathtouch.com	2024-03-04	2024-04-26
fvarriano@mathtouch.com	2024-03-13	2024-12-23
gcousey@gogozoom.com	2023-11-13	2024-03-18
gcousey@gogozoom.com	2024-06-06	2025-01-06
gcousey@groovestreet.com	2023-10-17	2025-01-20
giturbide@rangreen.com	2024-01-01	2024-12-23
giturbide@rangreen.com	2024-12-16	2024-12-23
hhellickson@isdom.com	2024-02-28	2024-10-19
hhellickson@isdom.com	2024-05-17	2024-11-16
hkardas@dambase.com	2023-12-20	2025-02-12
hmartabano@fasehatice.com	2024-04-02	2024-11-18
hvocelka@yearin.com	2023-10-03	2023-12-07
hvocelka@yearin.com	2024-07-03	2025-01-09
imcnease@j-texon.com	2024-05-31	2024-12-26
jkitty@nam-zim.com	2024-05-07	2025-02-19
jkusko@bioplex.com	2023-11-07	2024-12-17
jkusko@bioplex.com	2024-04-26	2024-11-02
jleinenbach@singletechno.com	2024-01-05	2024-03-27
jmoyd@bioholding.com	2024-08-05	2024-11-16
jperez@groovestreet.com	2024-09-19	2024-11-22
jyglesias@finjob.com	2024-01-29	2024-11-24
jyglesias@xx-zobam.com	2023-10-04	2024-09-27
kagramonte@plexzap.com	2024-12-23	2025-03-28
kblackwood@kan-code.com	2024-11-26	2024-12-30
kcaiafa@ganjaflex.com	2023-11-20	2024-02-06
kdemesa@scottech.com	2024-06-04	2025-03-18
kstockham@zoomit.com	2024-07-04	2024-08-29
lbatman@newex.com	2023-10-17	2023-11-07
lbatman@newex.com	2024-06-28	2025-03-09
lfrankel@betatech.com	2024-10-24	2024-12-09
lhamilton@donware.com	2024-05-21	2025-03-30
lisaacs@scottech.com	2024-11-26	2024-12-26
lmallett@sonron.com	2023-10-19	2025-01-14
lmallett@sonron.com	2024-01-17	2024-10-06
lmallett@sonron.com	2024-05-10	2024-12-18
lmallett@sonron.com	2024-06-19	2024-07-10
lpinilla@condax.com	2024-02-16	2025-01-11
lpinilla@condax.com	2024-10-14	2025-03-03
lshinko@plussunin.com	2024-08-02	2024-08-13
lshinko@plussunin.com	2024-09-10	2024-11-21
lshinko@plussunin.com	2024-09-17	2025-03-25
lthreets@singletechno.com	2024-08-20	2024-11-13
lworlds@hottechi.com	2024-03-19	2025-02-16
lwrinkles@streethex.com	2024-06-27	2024-09-03
maquas@cancity.com	2024-11-15	2025-01-08
mchesterfield@plussunin.com	2024-04-29	2024-07-31
mclaucherty@zoomit.com	2024-04-08	2024-07-27
mclaucherty@zoomit.com	2024-08-09	2024-12-17
mmauson@zathunicon.com	2023-10-17	2024-04-01
mmauson@zathunicon.com	2024-01-30	2024-07-16
mmauson@zathunicon.com	2024-06-14	2024-11-14
mmauson@zathunicon.com	2024-06-18	2024-11-29
mpaa@zotware.com	2024-11-25	2025-03-19
mpalaspas@iselectrics.com	2024-03-14	2024-11-06
mpalaspas@iselectrics.com	2024-04-19	2024-08-29
mriden@finhigh.com	2023-10-11	2024-12-13
mvanheusen@conecom.com	2024-12-16	2025-02-15
mwenner@scotfind.com	2024-06-20	2024-10-19
mwenner@scotfind.com	2024-07-10	2024-09-03
mwenner@scotfind.com	2025-01-09	2025-02-07
ndelasancha@scotfind.com	2024-04-02	2024-11-10
nsuell@kinnamplus.com	2023-10-30	2024-01-18
ntagala@j-texon.com	2023-10-26	2024-12-27
ntagala@j-texon.com	2024-05-29	2025-02-28
qcantres@lexiqvolax.com	2024-10-30	2025-03-29
qcantres@lexiqvolax.com	2024-11-13	2024-12-17
rhoa@iselectrics.com	2023-10-04	2024-09-01
rhoa@iselectrics.com	2024-01-17	2025-03-17
rmonarrez@opentech.com	2024-04-10	2025-01-12
rslusarski@singletechno.com	2023-10-06	2024-01-25
rslusarski@singletechno.com	2024-05-29	2024-08-02
rslusarski@singletechno.com	2025-01-15	2025-02-27
scloney@konmatfix.com	2023-10-03	2024-08-07
scloney@konmatfix.com	2024-08-26	2024-09-06
sheintzman@blackzim.com	2024-07-22	2024-10-21
sheintzman@blackzim.com	2025-01-21	2025-01-22
ssaras@sumace.com	2024-01-18	2025-01-08
sshealy@statholdings.com	2023-10-24	2024-06-13
sshealy@statholdings.com	2023-11-03	2024-03-13
sshealy@statholdings.com	2024-04-24	2024-06-30
tasar@stanredtax.com	2023-11-17	2024-12-16
tbutt@blackzim.com	2024-05-16	2025-02-15
tbutt@blackzim.com	2024-06-17	2025-01-28
tbutt@blackzim.com	2025-02-18	2025-03-10
tdelasancha@warephase.com	2024-05-17	2025-02-09
tdelasancha@warephase.com	2024-10-31	2024-12-23
tfelger@j-texon.com	2024-01-26	2024-12-29
tfelger@j-texon.com	2024-08-30	2024-09-07
tharnos@donquadtech.com	2024-05-31	2025-03-17
tharnos@donquadtech.com	2024-11-01	2025-01-15
thoopengardner@conecom.com	2023-10-11	2025-03-09
thoopengardner@conecom.com	2024-03-13	2024-05-18
thoopengardner@conecom.com	2024-06-07	2025-03-12
thoopengardner@conecom.com	2025-01-24	2025-02-20
tkitzman@dambase.com	2024-05-14	2024-11-30
vdiestel@green-plus.com	2024-01-02	2024-11-12
vdiestel@green-plus.com	2024-04-16	2024-04-26
vdiestel@green-plus.com	2024-12-31	2025-02-25
wfelger@sumace.com	2024-11-18	2024-12-29
wfelger@sumace.com	2025-01-31	2025-03-22
wnestle@bioholding.com	2024-02-13	2025-03-14
wsimilton@xx-holding.com	2024-03-29	2024-07-31
xmcnease@groovestreet.com	2023-12-28	2024-12-05
zmyricks@isdom.com	2023-10-18	2025-02-27