email	pswd	u_f_name	u_l_name	birthdate	phone
adinos@ganjaflex.com	pwd	Markus	Chavous	1980-10-19	3749016371
ahoa@j-texon.com	pwd	Mireya	Matuszak	2013-02-01	7725204976
alabreche@konex.com	pwd	Cyndy	Kardas	2010-03-18	6947062121
asturiale@hottechi.com	pwd	Erick	Sawchuk	2013-07-03	4435428566
atawil@golddex.com	pwd	Chantell	Mcdoniel	1983-12-21	0810719344
bkarpel@plexzap.com	pwd	Angella	Meisel	1965-08-24	1146220083
bstimmel@hatfan.com	pwd	Laticia	Aquas	2008-08-29	4215775416
cfallick@zoomit.com	pwd	Beatriz	Eanes	2010-08-20	3767348918
ddegonia@finjob.com	pwd	Ammie	Denooyer	1964-08-23	4172571031
ebayless@streethex.com	pwd	Deandrea	Fern	1989-09-19	9990929503
execdir@burdell.com	execdir	George	Burdell	1995-06-01	1878031751
fperigo@condax.com	pwd	Graciela	Sarao	1986-08-09	5238087854
fscheyer@cancity.com	pwd	Haydee	Tomblin	1966-08-28	8678533989
kbenimadho@newex.com	pwd	Oretha	Ostrosky	1974-09-18	4188266984
kscriven@betasoloin.com	pwd	Andra	Sama	1984-09-19	6920519235
kyum@goodsilron.com	pwd	Cyril	Samu	1971-08-26	5131693393
ljillson@rangreen.com	pwd	Erick	Vizarro	2011-10-07	6850096323
lstaback@conecom.com	pwd	Erick	Abdallah	1973-05-24	1809078612
mdiestel@hatfan.com	pwd	Garry	Tolfree	1991-07-27	1676258250
mhagele@finjob.com	pwd	Gail	Paprocki	1997-12-27	8708333983
mrowling@finhigh.com	pwd	Stephaine	Albares	1994-11-04	1990488763
shalter@treequote.com	pwd	Rolland	Dallen	1993-08-21	3205334461
skalafatis@xx-holding.com	pwd	Latrice	Suffield	1975-01-15	4463962875
smadarang@zotware.com	pwd	France	Buemi	1966-05-21	7266115255
spawlowicz@donware.com	pwd	Kasandra	Jurney	1974-11-01	7277642546
tcastros@hatfan.com	pwd	Twana	Nabours	2007-06-08	5834716716
